id,lastmod
Q170597,2022-08-23T19:00:07Z
Q293119,2022-08-13T07:19:49Z
Q313239,2022-09-27T23:36:22Z
Q324108,2022-12-09T13:22:38Z
Q372679,2022-05-26T08:34:44Z
Q372780,2022-10-02T04:00:54Z
Q401392,2022-11-03T19:12:27Z
Q434377,2022-12-02T10:54:14Z
Q445841,2022-10-16T04:33:24Z
Q548003,2022-11-17T21:49:12Z
Q775684,2022-10-05T17:31:51Z
Q861710,2022-10-04T21:56:09Z
Q1362358,2022-11-22T20:18:07Z
Q2066240,2022-07-25T06:17:13Z
Q2304068,2021-02-23T00:16:41Z
Q2398472,2022-06-01T13:47:59Z
Q2821367,2022-10-15T04:07:04Z
Q2837082,2022-01-28T10:36:53Z
Q2964323,2022-10-15T04:07:56Z
Q3123070,2021-09-30T09:23:39Z
Q3218355,2022-09-13T18:52:31Z
Q3310864,2022-10-15T02:51:53Z
Q3317754,2022-09-01T06:43:29Z
Q3326215,2022-05-22T07:25:28Z
Q3358300,2022-09-13T18:54:42Z
Q3461134,2022-07-08T11:09:43Z
Q3461135,2022-04-03T18:23:53Z
Q3472369,2022-09-01T06:58:58Z
Q3530011,2022-09-01T07:04:19Z
Q3530016,2022-09-01T06:38:14Z
Q3530022,2021-02-23T00:17:41Z
Q6493863,2022-03-06T14:37:06Z
Q6889310,2022-08-24T09:59:06Z
Q14832856,2022-03-22T14:35:53Z
Q16267917,2021-02-22T23:51:28Z
Q16269580,2021-02-23T00:19:38Z
Q18001102,2022-10-09T14:08:03Z
Q19629297,2022-03-06T14:24:22Z
Q23023240,2022-09-12T15:26:57Z
Q24951199,2022-10-07T13:59:34Z
Q26845654,2022-09-12T18:25:22Z
Q30004980,2022-10-15T00:10:02Z
Q30005153,2022-09-12T10:10:18Z
Q30005640,2022-10-14T14:11:51Z
Q30121857,2022-10-15T02:51:05Z
Q56300506,2022-09-13T18:53:01Z
Q56576583,2022-12-05T17:15:41Z
Q64030556,2022-09-13T18:55:58Z
Q64772442,2022-07-11T21:42:08Z
Q66360669,2022-09-13T18:51:59Z
Q77243127,2022-09-12T18:27:00Z
Q85983603,2022-03-05T11:45:47Z
Q85984185,2022-09-04T15:29:49Z
Q85984217,2022-09-04T15:30:07Z
Q94579756,2022-01-28T10:34:06Z
Q95114007,2022-09-04T15:26:58Z
Q98491629,2022-10-15T04:08:22Z
Q98497406,2022-12-02T12:20:15Z
Q98914544,2022-09-04T15:27:25Z
Q99522144,2022-09-12T13:45:37Z
Q100152366,2022-11-21T04:38:21Z
Q100233714,2022-09-04T15:28:10Z
Q100275809,2022-09-04T15:29:58Z
Q100276030,2022-03-05T12:32:21Z
Q100330225,2022-03-05T12:21:30Z
Q103868460,2022-12-05T21:03:10Z
Q105106997,2022-09-04T15:30:13Z
Q105587923,2022-10-15T02:54:50Z
Q106466538,2022-09-28T08:39:46Z
Q106580823,2022-10-15T04:07:09Z
Q107124615,2022-10-15T04:52:44Z
Q107710432,2022-10-15T04:08:33Z
Q107710573,2022-10-15T04:12:26Z
Q110607746,2022-09-04T15:26:34Z
Q110607782,2022-09-04T15:24:40Z
Q110610934,2022-09-04T15:24:43Z
Q110610978,2022-09-04T15:24:46Z
Q110611238,2022-01-28T10:38:20Z
Q110611648,2022-09-04T15:25:04Z
Q110611691,2022-09-04T15:25:07Z
Q110611708,2022-09-04T15:25:10Z
Q110611721,2022-09-04T15:25:13Z
Q110611766,2022-09-04T15:25:16Z
Q110611794,2022-09-04T15:25:19Z
Q110611835,2022-01-28T10:46:47Z
Q110611885,2022-09-04T15:25:22Z
Q110611985,2022-09-04T15:26:40Z
Q110612018,2022-09-04T15:25:25Z
Q110619740,2022-09-04T15:24:49Z
Q110619768,2022-09-04T15:24:52Z
Q110619802,2022-09-04T15:24:55Z
Q110619847,2022-09-04T15:24:58Z
Q110619920,2022-01-28T10:49:08Z
Q110619954,2022-01-28T10:49:28Z
Q110620027,2022-09-04T15:26:19Z
Q110620088,2022-01-28T10:31:35Z
Q110655343,2022-09-04T15:25:52Z
Q110655554,2022-09-04T15:25:55Z
Q110655570,2022-09-04T15:25:58Z
Q110655841,2022-09-04T15:25:01Z
Q110656050,2022-09-04T15:26:01Z
Q110656068,2022-01-28T10:30:06Z
Q110656077,2022-09-04T15:26:04Z
Q110656079,2022-09-04T15:26:07Z
Q110656156,2022-09-04T15:26:10Z
Q110656850,2022-09-04T15:25:28Z
Q110659318,2022-01-28T10:54:00Z
Q110663397,2022-09-04T15:25:31Z
Q110663729,2022-09-04T15:26:37Z
Q110663771,2022-01-28T10:34:28Z
Q110663825,2022-09-04T15:25:34Z
Q110664042,2022-03-05T12:05:11Z
Q110664084,2022-01-28T10:31:59Z
Q110665472,2022-03-05T12:03:06Z
Q110665543,2022-09-04T15:25:37Z
Q110665591,2022-03-05T12:07:17Z
Q110665592,2022-03-05T12:10:45Z
Q110665614,2022-09-04T15:25:40Z
Q110665787,2022-09-04T15:26:31Z
Q110665803,2022-09-04T15:25:43Z
Q110665898,2022-09-04T15:25:46Z
Q110672313,2022-09-04T15:25:49Z
Q113577661,2022-11-05T19:14:25Z
Q113669238,2022-09-01T06:36:01Z
Q113669582,2022-09-01T07:14:06Z
Q113669743,2022-10-15T04:06:21Z
Q114674175,2022-10-15T04:10:00Z
Q114674176,2022-10-15T04:07:15Z
Q114674177,2022-10-24T18:56:39Z
Q114674178,2022-10-15T04:07:39Z
Q114674179,2022-10-15T04:48:25Z
Q114674180,2022-10-15T04:08:29Z
Q114674181,2022-10-15T04:07:29Z
Q114674182,2022-10-15T04:08:37Z
Q114674183,2022-10-15T04:08:46Z
Q114674184,2022-10-15T04:08:48Z
Q114674185,2022-10-15T04:08:58Z
Q114674186,2022-10-15T04:09:03Z
Q114674187,2022-10-15T04:06:14Z
Q114674188,2022-10-15T04:10:21Z
Q114674189,2022-10-24T18:56:41Z
Q114674190,2022-10-15T04:05:58Z
Q114674191,2022-10-15T04:05:53Z
Q114674192,2022-10-15T04:05:38Z
Q114674193,2022-10-15T04:04:34Z
Q114674242,2022-10-15T04:10:39Z
Q114674578,2022-10-15T03:54:08Z
